feature_name,left_attribute,right_attribute,left_attr_tokenizer,right_attr_tokenizer,simfunction,function,function_source,is_auto_generated
Id_Id_exm,Id,Id,,,exact_match,<function Id_Id_exm at 0x7fa10dcab488>,"from py_entitymatching.feature.simfunctions import *
from py_entitymatching.feature.tokenizers import *
def Id_Id_exm(ltuple, rtuple):
    return exact_match(ltuple[""Id""], rtuple[""Id""])",True
Id_Id_anm,Id,Id,,,abs_norm,<function Id_Id_anm at 0x7fa0da0cdf28>,"from py_entitymatching.feature.simfunctions import *
from py_entitymatching.feature.tokenizers import *
def Id_Id_anm(ltuple, rtuple):
    return abs_norm(ltuple[""Id""], rtuple[""Id""])",True
Id_Id_lev_dist,Id,Id,,,lev_dist,<function Id_Id_lev_dist at 0x7fa0da0cdea0>,"from py_entitymatching.feature.simfunctions import *
from py_entitymatching.feature.tokenizers import *
def Id_Id_lev_dist(ltuple, rtuple):
    return lev_dist(ltuple[""Id""], rtuple[""Id""])",True
Id_Id_lev_sim,Id,Id,,,lev_sim,<function Id_Id_lev_sim at 0x7fa0da0b5840>,"from py_entitymatching.feature.simfunctions import *
from py_entitymatching.feature.tokenizers import *
def Id_Id_lev_sim(ltuple, rtuple):
    return lev_sim(ltuple[""Id""], rtuple[""Id""])",True
Source_Source_jac_qgm_3_qgm_3,Source,Source,qgm_3,qgm_3,jaccard,<function Source_Source_jac_qgm_3_qgm_3 at 0x7fa0da0b5620>,"from py_entitymatching.feature.simfunctions import *
from py_entitymatching.feature.tokenizers import *
def Source_Source_jac_qgm_3_qgm_3(ltuple, rtuple):
    return jaccard(qgm_3(ltuple[""Source""]), qgm_3(rtuple[""Source""])) ",True
Source_Source_cos_dlm_dc0_dlm_dc0,Source,Source,dlm_dc0,dlm_dc0,cosine,<function Source_Source_cos_dlm_dc0_dlm_dc0 at 0x7fa0da0b5400>,"from py_entitymatching.feature.simfunctions import *
from py_entitymatching.feature.tokenizers import *
def Source_Source_cos_dlm_dc0_dlm_dc0(ltuple, rtuple):
    return cosine(dlm_dc0(ltuple[""Source""]), dlm_dc0(rtuple[""Source""])) ",True
Source_Source_jac_dlm_dc0_dlm_dc0,Source,Source,dlm_dc0,dlm_dc0,jaccard,<function Source_Source_jac_dlm_dc0_dlm_dc0 at 0x7fa0da0b52f0>,"from py_entitymatching.feature.simfunctions import *
from py_entitymatching.feature.tokenizers import *
def Source_Source_jac_dlm_dc0_dlm_dc0(ltuple, rtuple):
    return jaccard(dlm_dc0(ltuple[""Source""]), dlm_dc0(rtuple[""Source""])) ",True
Source_Source_mel,Source,Source,,,monge_elkan,<function Source_Source_mel at 0x7fa0da0b5598>,"from py_entitymatching.feature.simfunctions import *
from py_entitymatching.feature.tokenizers import *
def Source_Source_mel(ltuple, rtuple):
    return monge_elkan(ltuple[""Source""], rtuple[""Source""])",True
Source_Source_lev_dist,Source,Source,,,lev_dist,<function Source_Source_lev_dist at 0x7fa0da0b5730>,"from py_entitymatching.feature.simfunctions import *
from py_entitymatching.feature.tokenizers import *
def Source_Source_lev_dist(ltuple, rtuple):
    return lev_dist(ltuple[""Source""], rtuple[""Source""])",True
Source_Source_lev_sim,Source,Source,,,lev_sim,<function Source_Source_lev_sim at 0x7fa0da0b5378>,"from py_entitymatching.feature.simfunctions import *
from py_entitymatching.feature.tokenizers import *
def Source_Source_lev_sim(ltuple, rtuple):
    return lev_sim(ltuple[""Source""], rtuple[""Source""])",True
Source_Source_nmw,Source,Source,,,needleman_wunsch,<function Source_Source_nmw at 0x7fa0da0b51e0>,"from py_entitymatching.feature.simfunctions import *
from py_entitymatching.feature.tokenizers import *
def Source_Source_nmw(ltuple, rtuple):
    return needleman_wunsch(ltuple[""Source""], rtuple[""Source""])",True
Source_Source_sw,Source,Source,,,smith_waterman,<function Source_Source_sw at 0x7fa0da0b57b8>,"from py_entitymatching.feature.simfunctions import *
from py_entitymatching.feature.tokenizers import *
def Source_Source_sw(ltuple, rtuple):
    return smith_waterman(ltuple[""Source""], rtuple[""Source""])",True
Site_name_Site_name_jac_qgm_3_qgm_3,Site name,Site name,qgm_3,qgm_3,jaccard,<function Site_name_Site_name_jac_qgm_3_qgm_3 at 0x7fa0da0b5488>,"from py_entitymatching.feature.simfunctions import *
from py_entitymatching.feature.tokenizers import *
def Site_name_Site_name_jac_qgm_3_qgm_3(ltuple, rtuple):
    return jaccard(qgm_3(ltuple[""Site name""]), qgm_3(rtuple[""Site name""])) ",True
Site_name_Site_name_cos_dlm_dc0_dlm_dc0,Site name,Site name,dlm_dc0,dlm_dc0,cosine,<function Site_name_Site_name_cos_dlm_dc0_dlm_dc0 at 0x7fa0da0b56a8>,"from py_entitymatching.feature.simfunctions import *
from py_entitymatching.feature.tokenizers import *
def Site_name_Site_name_cos_dlm_dc0_dlm_dc0(ltuple, rtuple):
    return cosine(dlm_dc0(ltuple[""Site name""]), dlm_dc0(rtuple[""Site name""])) ",True
Site_name_Site_name_jac_dlm_dc0_dlm_dc0,Site name,Site name,dlm_dc0,dlm_dc0,jaccard,<function Site_name_Site_name_jac_dlm_dc0_dlm_dc0 at 0x7fa0da0b5510>,"from py_entitymatching.feature.simfunctions import *
from py_entitymatching.feature.tokenizers import *
def Site_name_Site_name_jac_dlm_dc0_dlm_dc0(ltuple, rtuple):
    return jaccard(dlm_dc0(ltuple[""Site name""]), dlm_dc0(rtuple[""Site name""])) ",True
Site_name_Site_name_mel,Site name,Site name,,,monge_elkan,<function Site_name_Site_name_mel at 0x7fa0da0b58c8>,"from py_entitymatching.feature.simfunctions import *
from py_entitymatching.feature.tokenizers import *
def Site_name_Site_name_mel(ltuple, rtuple):
    return monge_elkan(ltuple[""Site name""], rtuple[""Site name""])",True
Site_name_Site_name_lev_dist,Site name,Site name,,,lev_dist,<function Site_name_Site_name_lev_dist at 0x7fa0da0b5950>,"from py_entitymatching.feature.simfunctions import *
from py_entitymatching.feature.tokenizers import *
def Site_name_Site_name_lev_dist(ltuple, rtuple):
    return lev_dist(ltuple[""Site name""], rtuple[""Site name""])",True
Site_name_Site_name_lev_sim,Site name,Site name,,,lev_sim,<function Site_name_Site_name_lev_sim at 0x7fa0da0b59d8>,"from py_entitymatching.feature.simfunctions import *
from py_entitymatching.feature.tokenizers import *
def Site_name_Site_name_lev_sim(ltuple, rtuple):
    return lev_sim(ltuple[""Site name""], rtuple[""Site name""])",True
Site_name_Site_name_nmw,Site name,Site name,,,needleman_wunsch,<function Site_name_Site_name_nmw at 0x7fa0da0b5a60>,"from py_entitymatching.feature.simfunctions import *
from py_entitymatching.feature.tokenizers import *
def Site_name_Site_name_nmw(ltuple, rtuple):
    return needleman_wunsch(ltuple[""Site name""], rtuple[""Site name""])",True
Site_name_Site_name_sw,Site name,Site name,,,smith_waterman,<function Site_name_Site_name_sw at 0x7fa0da0b5ae8>,"from py_entitymatching.feature.simfunctions import *
from py_entitymatching.feature.tokenizers import *
def Site_name_Site_name_sw(ltuple, rtuple):
    return smith_waterman(ltuple[""Site name""], rtuple[""Site name""])",True
Address_Address_jac_qgm_3_qgm_3,Address,Address,qgm_3,qgm_3,jaccard,<function Address_Address_jac_qgm_3_qgm_3 at 0x7fa0da0b5b70>,"from py_entitymatching.feature.simfunctions import *
from py_entitymatching.feature.tokenizers import *
def Address_Address_jac_qgm_3_qgm_3(ltuple, rtuple):
    return jaccard(qgm_3(ltuple[""Address""]), qgm_3(rtuple[""Address""])) ",True
Address_Address_cos_dlm_dc0_dlm_dc0,Address,Address,dlm_dc0,dlm_dc0,cosine,<function Address_Address_cos_dlm_dc0_dlm_dc0 at 0x7fa0da0b5bf8>,"from py_entitymatching.feature.simfunctions import *
from py_entitymatching.feature.tokenizers import *
def Address_Address_cos_dlm_dc0_dlm_dc0(ltuple, rtuple):
    return cosine(dlm_dc0(ltuple[""Address""]), dlm_dc0(rtuple[""Address""])) ",True
Address_Address_jac_dlm_dc0_dlm_dc0,Address,Address,dlm_dc0,dlm_dc0,jaccard,<function Address_Address_jac_dlm_dc0_dlm_dc0 at 0x7fa0da0b5c80>,"from py_entitymatching.feature.simfunctions import *
from py_entitymatching.feature.tokenizers import *
def Address_Address_jac_dlm_dc0_dlm_dc0(ltuple, rtuple):
    return jaccard(dlm_dc0(ltuple[""Address""]), dlm_dc0(rtuple[""Address""])) ",True
Address_Address_mel,Address,Address,,,monge_elkan,<function Address_Address_mel at 0x7fa0da0b5d08>,"from py_entitymatching.feature.simfunctions import *
from py_entitymatching.feature.tokenizers import *
def Address_Address_mel(ltuple, rtuple):
    return monge_elkan(ltuple[""Address""], rtuple[""Address""])",True
Address_Address_lev_dist,Address,Address,,,lev_dist,<function Address_Address_lev_dist at 0x7fa0da0b5d90>,"from py_entitymatching.feature.simfunctions import *
from py_entitymatching.feature.tokenizers import *
def Address_Address_lev_dist(ltuple, rtuple):
    return lev_dist(ltuple[""Address""], rtuple[""Address""])",True
Address_Address_lev_sim,Address,Address,,,lev_sim,<function Address_Address_lev_sim at 0x7fa0da0b5e18>,"from py_entitymatching.feature.simfunctions import *
from py_entitymatching.feature.tokenizers import *
def Address_Address_lev_sim(ltuple, rtuple):
    return lev_sim(ltuple[""Address""], rtuple[""Address""])",True
Address_Address_nmw,Address,Address,,,needleman_wunsch,<function Address_Address_nmw at 0x7fa0da0b5ea0>,"from py_entitymatching.feature.simfunctions import *
from py_entitymatching.feature.tokenizers import *
def Address_Address_nmw(ltuple, rtuple):
    return needleman_wunsch(ltuple[""Address""], rtuple[""Address""])",True
Address_Address_sw,Address,Address,,,smith_waterman,<function Address_Address_sw at 0x7fa0da0b5f28>,"from py_entitymatching.feature.simfunctions import *
from py_entitymatching.feature.tokenizers import *
def Address_Address_sw(ltuple, rtuple):
    return smith_waterman(ltuple[""Address""], rtuple[""Address""])",True
Zip_Zip_exm,Zip,Zip,,,exact_match,<function Zip_Zip_exm at 0x7fa0da06b048>,"from py_entitymatching.feature.simfunctions import *
from py_entitymatching.feature.tokenizers import *
def Zip_Zip_exm(ltuple, rtuple):
    return exact_match(ltuple[""Zip""], rtuple[""Zip""])",True
Zip_Zip_anm,Zip,Zip,,,abs_norm,<function Zip_Zip_anm at 0x7fa0da06b0d0>,"from py_entitymatching.feature.simfunctions import *
from py_entitymatching.feature.tokenizers import *
def Zip_Zip_anm(ltuple, rtuple):
    return abs_norm(ltuple[""Zip""], rtuple[""Zip""])",True
Zip_Zip_lev_dist,Zip,Zip,,,lev_dist,<function Zip_Zip_lev_dist at 0x7fa0da06b158>,"from py_entitymatching.feature.simfunctions import *
from py_entitymatching.feature.tokenizers import *
def Zip_Zip_lev_dist(ltuple, rtuple):
    return lev_dist(ltuple[""Zip""], rtuple[""Zip""])",True
Zip_Zip_lev_sim,Zip,Zip,,,lev_sim,<function Zip_Zip_lev_sim at 0x7fa0da06b1e0>,"from py_entitymatching.feature.simfunctions import *
from py_entitymatching.feature.tokenizers import *
def Zip_Zip_lev_sim(ltuple, rtuple):
    return lev_sim(ltuple[""Zip""], rtuple[""Zip""])",True
Phone_Phone_exm,Phone,Phone,,,exact_match,<function Phone_Phone_exm at 0x7fa0da06b268>,"from py_entitymatching.feature.simfunctions import *
from py_entitymatching.feature.tokenizers import *
def Phone_Phone_exm(ltuple, rtuple):
    return exact_match(ltuple[""Phone""], rtuple[""Phone""])",True
Phone_Phone_anm,Phone,Phone,,,abs_norm,<function Phone_Phone_anm at 0x7fa0da06b2f0>,"from py_entitymatching.feature.simfunctions import *
from py_entitymatching.feature.tokenizers import *
def Phone_Phone_anm(ltuple, rtuple):
    return abs_norm(ltuple[""Phone""], rtuple[""Phone""])",True
Phone_Phone_lev_dist,Phone,Phone,,,lev_dist,<function Phone_Phone_lev_dist at 0x7fa0da06b378>,"from py_entitymatching.feature.simfunctions import *
from py_entitymatching.feature.tokenizers import *
def Phone_Phone_lev_dist(ltuple, rtuple):
    return lev_dist(ltuple[""Phone""], rtuple[""Phone""])",True
Phone_Phone_lev_sim,Phone,Phone,,,lev_sim,<function Phone_Phone_lev_sim at 0x7fa0da06b400>,"from py_entitymatching.feature.simfunctions import *
from py_entitymatching.feature.tokenizers import *
def Phone_Phone_lev_sim(ltuple, rtuple):
    return lev_sim(ltuple[""Phone""], rtuple[""Phone""])",True
Fax_Fax_jac_qgm_3_qgm_3,Fax,Fax,qgm_3,qgm_3,jaccard,<function Fax_Fax_jac_qgm_3_qgm_3 at 0x7fa0da06b488>,"from py_entitymatching.feature.simfunctions import *
from py_entitymatching.feature.tokenizers import *
def Fax_Fax_jac_qgm_3_qgm_3(ltuple, rtuple):
    return jaccard(qgm_3(ltuple[""Fax""]), qgm_3(rtuple[""Fax""])) ",True
Fax_Fax_cos_dlm_dc0_dlm_dc0,Fax,Fax,dlm_dc0,dlm_dc0,cosine,<function Fax_Fax_cos_dlm_dc0_dlm_dc0 at 0x7fa0da06b510>,"from py_entitymatching.feature.simfunctions import *
from py_entitymatching.feature.tokenizers import *
def Fax_Fax_cos_dlm_dc0_dlm_dc0(ltuple, rtuple):
    return cosine(dlm_dc0(ltuple[""Fax""]), dlm_dc0(rtuple[""Fax""])) ",True
Fax_Fax_jac_dlm_dc0_dlm_dc0,Fax,Fax,dlm_dc0,dlm_dc0,jaccard,<function Fax_Fax_jac_dlm_dc0_dlm_dc0 at 0x7fa0da06b598>,"from py_entitymatching.feature.simfunctions import *
from py_entitymatching.feature.tokenizers import *
def Fax_Fax_jac_dlm_dc0_dlm_dc0(ltuple, rtuple):
    return jaccard(dlm_dc0(ltuple[""Fax""]), dlm_dc0(rtuple[""Fax""])) ",True
Fax_Fax_mel,Fax,Fax,,,monge_elkan,<function Fax_Fax_mel at 0x7fa0da06b620>,"from py_entitymatching.feature.simfunctions import *
from py_entitymatching.feature.tokenizers import *
def Fax_Fax_mel(ltuple, rtuple):
    return monge_elkan(ltuple[""Fax""], rtuple[""Fax""])",True
Fax_Fax_lev_dist,Fax,Fax,,,lev_dist,<function Fax_Fax_lev_dist at 0x7fa0da06b6a8>,"from py_entitymatching.feature.simfunctions import *
from py_entitymatching.feature.tokenizers import *
def Fax_Fax_lev_dist(ltuple, rtuple):
    return lev_dist(ltuple[""Fax""], rtuple[""Fax""])",True
Fax_Fax_lev_sim,Fax,Fax,,,lev_sim,<function Fax_Fax_lev_sim at 0x7fa0da06b730>,"from py_entitymatching.feature.simfunctions import *
from py_entitymatching.feature.tokenizers import *
def Fax_Fax_lev_sim(ltuple, rtuple):
    return lev_sim(ltuple[""Fax""], rtuple[""Fax""])",True
Fax_Fax_nmw,Fax,Fax,,,needleman_wunsch,<function Fax_Fax_nmw at 0x7fa0da06b7b8>,"from py_entitymatching.feature.simfunctions import *
from py_entitymatching.feature.tokenizers import *
def Fax_Fax_nmw(ltuple, rtuple):
    return needleman_wunsch(ltuple[""Fax""], rtuple[""Fax""])",True
Fax_Fax_sw,Fax,Fax,,,smith_waterman,<function Fax_Fax_sw at 0x7fa0da06b840>,"from py_entitymatching.feature.simfunctions import *
from py_entitymatching.feature.tokenizers import *
def Fax_Fax_sw(ltuple, rtuple):
    return smith_waterman(ltuple[""Fax""], rtuple[""Fax""])",True
Program_Name_Program_Name_jac_qgm_3_qgm_3,Program Name,Program Name,qgm_3,qgm_3,jaccard,<function Program_Name_Program_Name_jac_qgm_3_qgm_3 at 0x7fa0da06b8c8>,"from py_entitymatching.feature.simfunctions import *
from py_entitymatching.feature.tokenizers import *
def Program_Name_Program_Name_jac_qgm_3_qgm_3(ltuple, rtuple):
    return jaccard(qgm_3(ltuple[""Program Name""]), qgm_3(rtuple[""Program Name""])) ",True
Program_Name_Program_Name_cos_dlm_dc0_dlm_dc0,Program Name,Program Name,dlm_dc0,dlm_dc0,cosine,<function Program_Name_Program_Name_cos_dlm_dc0_dlm_dc0 at 0x7fa0da06b950>,"from py_entitymatching.feature.simfunctions import *
from py_entitymatching.feature.tokenizers import *
def Program_Name_Program_Name_cos_dlm_dc0_dlm_dc0(ltuple, rtuple):
    return cosine(dlm_dc0(ltuple[""Program Name""]), dlm_dc0(rtuple[""Program Name""])) ",True
Program_Name_Program_Name_jac_dlm_dc0_dlm_dc0,Program Name,Program Name,dlm_dc0,dlm_dc0,jaccard,<function Program_Name_Program_Name_jac_dlm_dc0_dlm_dc0 at 0x7fa0da06b9d8>,"from py_entitymatching.feature.simfunctions import *
from py_entitymatching.feature.tokenizers import *
def Program_Name_Program_Name_jac_dlm_dc0_dlm_dc0(ltuple, rtuple):
    return jaccard(dlm_dc0(ltuple[""Program Name""]), dlm_dc0(rtuple[""Program Name""])) ",True
Program_Name_Program_Name_mel,Program Name,Program Name,,,monge_elkan,<function Program_Name_Program_Name_mel at 0x7fa0da06ba60>,"from py_entitymatching.feature.simfunctions import *
from py_entitymatching.feature.tokenizers import *
def Program_Name_Program_Name_mel(ltuple, rtuple):
    return monge_elkan(ltuple[""Program Name""], rtuple[""Program Name""])",True
Program_Name_Program_Name_lev_dist,Program Name,Program Name,,,lev_dist,<function Program_Name_Program_Name_lev_dist at 0x7fa0da06bae8>,"from py_entitymatching.feature.simfunctions import *
from py_entitymatching.feature.tokenizers import *
def Program_Name_Program_Name_lev_dist(ltuple, rtuple):
    return lev_dist(ltuple[""Program Name""], rtuple[""Program Name""])",True
Program_Name_Program_Name_lev_sim,Program Name,Program Name,,,lev_sim,<function Program_Name_Program_Name_lev_sim at 0x7fa0da06bb70>,"from py_entitymatching.feature.simfunctions import *
from py_entitymatching.feature.tokenizers import *
def Program_Name_Program_Name_lev_sim(ltuple, rtuple):
    return lev_sim(ltuple[""Program Name""], rtuple[""Program Name""])",True
Program_Name_Program_Name_nmw,Program Name,Program Name,,,needleman_wunsch,<function Program_Name_Program_Name_nmw at 0x7fa0da06bbf8>,"from py_entitymatching.feature.simfunctions import *
from py_entitymatching.feature.tokenizers import *
def Program_Name_Program_Name_nmw(ltuple, rtuple):
    return needleman_wunsch(ltuple[""Program Name""], rtuple[""Program Name""])",True
Program_Name_Program_Name_sw,Program Name,Program Name,,,smith_waterman,<function Program_Name_Program_Name_sw at 0x7fa0da06bc80>,"from py_entitymatching.feature.simfunctions import *
from py_entitymatching.feature.tokenizers import *
def Program_Name_Program_Name_sw(ltuple, rtuple):
    return smith_waterman(ltuple[""Program Name""], rtuple[""Program Name""])",True
Length_of_Day_Length_of_Day_jac_qgm_3_qgm_3,Length of Day,Length of Day,qgm_3,qgm_3,jaccard,<function Length_of_Day_Length_of_Day_jac_qgm_3_qgm_3 at 0x7fa0da06bd08>,"from py_entitymatching.feature.simfunctions import *
from py_entitymatching.feature.tokenizers import *
def Length_of_Day_Length_of_Day_jac_qgm_3_qgm_3(ltuple, rtuple):
    return jaccard(qgm_3(ltuple[""Length of Day""]), qgm_3(rtuple[""Length of Day""])) ",True
Length_of_Day_Length_of_Day_cos_dlm_dc0_dlm_dc0,Length of Day,Length of Day,dlm_dc0,dlm_dc0,cosine,<function Length_of_Day_Length_of_Day_cos_dlm_dc0_dlm_dc0 at 0x7fa0da06bd90>,"from py_entitymatching.feature.simfunctions import *
from py_entitymatching.feature.tokenizers import *
def Length_of_Day_Length_of_Day_cos_dlm_dc0_dlm_dc0(ltuple, rtuple):
    return cosine(dlm_dc0(ltuple[""Length of Day""]), dlm_dc0(rtuple[""Length of Day""])) ",True
Length_of_Day_Length_of_Day_jac_dlm_dc0_dlm_dc0,Length of Day,Length of Day,dlm_dc0,dlm_dc0,jaccard,<function Length_of_Day_Length_of_Day_jac_dlm_dc0_dlm_dc0 at 0x7fa0da06be18>,"from py_entitymatching.feature.simfunctions import *
from py_entitymatching.feature.tokenizers import *
def Length_of_Day_Length_of_Day_jac_dlm_dc0_dlm_dc0(ltuple, rtuple):
    return jaccard(dlm_dc0(ltuple[""Length of Day""]), dlm_dc0(rtuple[""Length of Day""])) ",True
Length_of_Day_Length_of_Day_mel,Length of Day,Length of Day,,,monge_elkan,<function Length_of_Day_Length_of_Day_mel at 0x7fa0da06bea0>,"from py_entitymatching.feature.simfunctions import *
from py_entitymatching.feature.tokenizers import *
def Length_of_Day_Length_of_Day_mel(ltuple, rtuple):
    return monge_elkan(ltuple[""Length of Day""], rtuple[""Length of Day""])",True
Length_of_Day_Length_of_Day_lev_dist,Length of Day,Length of Day,,,lev_dist,<function Length_of_Day_Length_of_Day_lev_dist at 0x7fa0da06bf28>,"from py_entitymatching.feature.simfunctions import *
from py_entitymatching.feature.tokenizers import *
def Length_of_Day_Length_of_Day_lev_dist(ltuple, rtuple):
    return lev_dist(ltuple[""Length of Day""], rtuple[""Length of Day""])",True
Length_of_Day_Length_of_Day_lev_sim,Length of Day,Length of Day,,,lev_sim,<function Length_of_Day_Length_of_Day_lev_sim at 0x7fa0da06d048>,"from py_entitymatching.feature.simfunctions import *
from py_entitymatching.feature.tokenizers import *
def Length_of_Day_Length_of_Day_lev_sim(ltuple, rtuple):
    return lev_sim(ltuple[""Length of Day""], rtuple[""Length of Day""])",True
Length_of_Day_Length_of_Day_nmw,Length of Day,Length of Day,,,needleman_wunsch,<function Length_of_Day_Length_of_Day_nmw at 0x7fa0da06d0d0>,"from py_entitymatching.feature.simfunctions import *
from py_entitymatching.feature.tokenizers import *
def Length_of_Day_Length_of_Day_nmw(ltuple, rtuple):
    return needleman_wunsch(ltuple[""Length of Day""], rtuple[""Length of Day""])",True
Length_of_Day_Length_of_Day_sw,Length of Day,Length of Day,,,smith_waterman,<function Length_of_Day_Length_of_Day_sw at 0x7fa0da06d158>,"from py_entitymatching.feature.simfunctions import *
from py_entitymatching.feature.tokenizers import *
def Length_of_Day_Length_of_Day_sw(ltuple, rtuple):
    return smith_waterman(ltuple[""Length of Day""], rtuple[""Length of Day""])",True
IDHS_Provider_ID_IDHS_Provider_ID_lev_dist,IDHS Provider ID,IDHS Provider ID,,,lev_dist,<function IDHS_Provider_ID_IDHS_Provider_ID_lev_dist at 0x7fa0da06d1e0>,"from py_entitymatching.feature.simfunctions import *
from py_entitymatching.feature.tokenizers import *
def IDHS_Provider_ID_IDHS_Provider_ID_lev_dist(ltuple, rtuple):
    return lev_dist(ltuple[""IDHS Provider ID""], rtuple[""IDHS Provider ID""])",True
IDHS_Provider_ID_IDHS_Provider_ID_lev_sim,IDHS Provider ID,IDHS Provider ID,,,lev_sim,<function IDHS_Provider_ID_IDHS_Provider_ID_lev_sim at 0x7fa0da06d268>,"from py_entitymatching.feature.simfunctions import *
from py_entitymatching.feature.tokenizers import *
def IDHS_Provider_ID_IDHS_Provider_ID_lev_sim(ltuple, rtuple):
    return lev_sim(ltuple[""IDHS Provider ID""], rtuple[""IDHS Provider ID""])",True
IDHS_Provider_ID_IDHS_Provider_ID_jar,IDHS Provider ID,IDHS Provider ID,,,jaro,<function IDHS_Provider_ID_IDHS_Provider_ID_jar at 0x7fa0da06d2f0>,"from py_entitymatching.feature.simfunctions import *
from py_entitymatching.feature.tokenizers import *
def IDHS_Provider_ID_IDHS_Provider_ID_jar(ltuple, rtuple):
    return jaro(ltuple[""IDHS Provider ID""], rtuple[""IDHS Provider ID""])",True
IDHS_Provider_ID_IDHS_Provider_ID_jwn,IDHS Provider ID,IDHS Provider ID,,,jaro_winkler,<function IDHS_Provider_ID_IDHS_Provider_ID_jwn at 0x7fa0da06d378>,"from py_entitymatching.feature.simfunctions import *
from py_entitymatching.feature.tokenizers import *
def IDHS_Provider_ID_IDHS_Provider_ID_jwn(ltuple, rtuple):
    return jaro_winkler(ltuple[""IDHS Provider ID""], rtuple[""IDHS Provider ID""])",True
IDHS_Provider_ID_IDHS_Provider_ID_exm,IDHS Provider ID,IDHS Provider ID,,,exact_match,<function IDHS_Provider_ID_IDHS_Provider_ID_exm at 0x7fa0da06d400>,"from py_entitymatching.feature.simfunctions import *
from py_entitymatching.feature.tokenizers import *
def IDHS_Provider_ID_IDHS_Provider_ID_exm(ltuple, rtuple):
    return exact_match(ltuple[""IDHS Provider ID""], rtuple[""IDHS Provider ID""])",True
IDHS_Provider_ID_IDHS_Provider_ID_jac_qgm_3_qgm_3,IDHS Provider ID,IDHS Provider ID,qgm_3,qgm_3,jaccard,<function IDHS_Provider_ID_IDHS_Provider_ID_jac_qgm_3_qgm_3 at 0x7fa0da06d488>,"from py_entitymatching.feature.simfunctions import *
from py_entitymatching.feature.tokenizers import *
def IDHS_Provider_ID_IDHS_Provider_ID_jac_qgm_3_qgm_3(ltuple, rtuple):
    return jaccard(qgm_3(ltuple[""IDHS Provider ID""]), qgm_3(rtuple[""IDHS Provider ID""])) ",True
Agency_Agency_jac_qgm_3_qgm_3,Agency,Agency,qgm_3,qgm_3,jaccard,<function Agency_Agency_jac_qgm_3_qgm_3 at 0x7fa0da06d510>,"from py_entitymatching.feature.simfunctions import *
from py_entitymatching.feature.tokenizers import *
def Agency_Agency_jac_qgm_3_qgm_3(ltuple, rtuple):
    return jaccard(qgm_3(ltuple[""Agency""]), qgm_3(rtuple[""Agency""])) ",True
Agency_Agency_cos_dlm_dc0_dlm_dc0,Agency,Agency,dlm_dc0,dlm_dc0,cosine,<function Agency_Agency_cos_dlm_dc0_dlm_dc0 at 0x7fa0da06d598>,"from py_entitymatching.feature.simfunctions import *
from py_entitymatching.feature.tokenizers import *
def Agency_Agency_cos_dlm_dc0_dlm_dc0(ltuple, rtuple):
    return cosine(dlm_dc0(ltuple[""Agency""]), dlm_dc0(rtuple[""Agency""])) ",True
Agency_Agency_mel,Agency,Agency,,,monge_elkan,<function Agency_Agency_mel at 0x7fa0da06d620>,"from py_entitymatching.feature.simfunctions import *
from py_entitymatching.feature.tokenizers import *
def Agency_Agency_mel(ltuple, rtuple):
    return monge_elkan(ltuple[""Agency""], rtuple[""Agency""])",True
Agency_Agency_lev_dist,Agency,Agency,,,lev_dist,<function Agency_Agency_lev_dist at 0x7fa0da06d6a8>,"from py_entitymatching.feature.simfunctions import *
from py_entitymatching.feature.tokenizers import *
def Agency_Agency_lev_dist(ltuple, rtuple):
    return lev_dist(ltuple[""Agency""], rtuple[""Agency""])",True
Agency_Agency_lev_sim,Agency,Agency,,,lev_sim,<function Agency_Agency_lev_sim at 0x7fa0da06d730>,"from py_entitymatching.feature.simfunctions import *
from py_entitymatching.feature.tokenizers import *
def Agency_Agency_lev_sim(ltuple, rtuple):
    return lev_sim(ltuple[""Agency""], rtuple[""Agency""])",True
Neighborhood_Neighborhood_jac_qgm_3_qgm_3,Neighborhood,Neighborhood,qgm_3,qgm_3,jaccard,<function Neighborhood_Neighborhood_jac_qgm_3_qgm_3 at 0x7fa0da06d7b8>,"from py_entitymatching.feature.simfunctions import *
from py_entitymatching.feature.tokenizers import *
def Neighborhood_Neighborhood_jac_qgm_3_qgm_3(ltuple, rtuple):
    return jaccard(qgm_3(ltuple[""Neighborhood""]), qgm_3(rtuple[""Neighborhood""])) ",True
Neighborhood_Neighborhood_cos_dlm_dc0_dlm_dc0,Neighborhood,Neighborhood,dlm_dc0,dlm_dc0,cosine,<function Neighborhood_Neighborhood_cos_dlm_dc0_dlm_dc0 at 0x7fa0da06d840>,"from py_entitymatching.feature.simfunctions import *
from py_entitymatching.feature.tokenizers import *
def Neighborhood_Neighborhood_cos_dlm_dc0_dlm_dc0(ltuple, rtuple):
    return cosine(dlm_dc0(ltuple[""Neighborhood""]), dlm_dc0(rtuple[""Neighborhood""])) ",True
Neighborhood_Neighborhood_jac_dlm_dc0_dlm_dc0,Neighborhood,Neighborhood,dlm_dc0,dlm_dc0,jaccard,<function Neighborhood_Neighborhood_jac_dlm_dc0_dlm_dc0 at 0x7fa0da06d8c8>,"from py_entitymatching.feature.simfunctions import *
from py_entitymatching.feature.tokenizers import *
def Neighborhood_Neighborhood_jac_dlm_dc0_dlm_dc0(ltuple, rtuple):
    return jaccard(dlm_dc0(ltuple[""Neighborhood""]), dlm_dc0(rtuple[""Neighborhood""])) ",True
Neighborhood_Neighborhood_mel,Neighborhood,Neighborhood,,,monge_elkan,<function Neighborhood_Neighborhood_mel at 0x7fa0da06d950>,"from py_entitymatching.feature.simfunctions import *
from py_entitymatching.feature.tokenizers import *
def Neighborhood_Neighborhood_mel(ltuple, rtuple):
    return monge_elkan(ltuple[""Neighborhood""], rtuple[""Neighborhood""])",True
Neighborhood_Neighborhood_lev_dist,Neighborhood,Neighborhood,,,lev_dist,<function Neighborhood_Neighborhood_lev_dist at 0x7fa0da06d9d8>,"from py_entitymatching.feature.simfunctions import *
from py_entitymatching.feature.tokenizers import *
def Neighborhood_Neighborhood_lev_dist(ltuple, rtuple):
    return lev_dist(ltuple[""Neighborhood""], rtuple[""Neighborhood""])",True
Neighborhood_Neighborhood_lev_sim,Neighborhood,Neighborhood,,,lev_sim,<function Neighborhood_Neighborhood_lev_sim at 0x7fa0da06da60>,"from py_entitymatching.feature.simfunctions import *
from py_entitymatching.feature.tokenizers import *
def Neighborhood_Neighborhood_lev_sim(ltuple, rtuple):
    return lev_sim(ltuple[""Neighborhood""], rtuple[""Neighborhood""])",True
Neighborhood_Neighborhood_nmw,Neighborhood,Neighborhood,,,needleman_wunsch,<function Neighborhood_Neighborhood_nmw at 0x7fa0da06dae8>,"from py_entitymatching.feature.simfunctions import *
from py_entitymatching.feature.tokenizers import *
def Neighborhood_Neighborhood_nmw(ltuple, rtuple):
    return needleman_wunsch(ltuple[""Neighborhood""], rtuple[""Neighborhood""])",True
Neighborhood_Neighborhood_sw,Neighborhood,Neighborhood,,,smith_waterman,<function Neighborhood_Neighborhood_sw at 0x7fa0da06db70>,"from py_entitymatching.feature.simfunctions import *
from py_entitymatching.feature.tokenizers import *
def Neighborhood_Neighborhood_sw(ltuple, rtuple):
    return smith_waterman(ltuple[""Neighborhood""], rtuple[""Neighborhood""])",True
Funded_Enrollment_Funded_Enrollment_jac_qgm_3_qgm_3,Funded Enrollment,Funded Enrollment,qgm_3,qgm_3,jaccard,<function Funded_Enrollment_Funded_Enrollment_jac_qgm_3_qgm_3 at 0x7fa0da06dbf8>,"from py_entitymatching.feature.simfunctions import *
from py_entitymatching.feature.tokenizers import *
def Funded_Enrollment_Funded_Enrollment_jac_qgm_3_qgm_3(ltuple, rtuple):
    return jaccard(qgm_3(ltuple[""Funded Enrollment""]), qgm_3(rtuple[""Funded Enrollment""])) ",True
Funded_Enrollment_Funded_Enrollment_cos_dlm_dc0_dlm_dc0,Funded Enrollment,Funded Enrollment,dlm_dc0,dlm_dc0,cosine,<function Funded_Enrollment_Funded_Enrollment_cos_dlm_dc0_dlm_dc0 at 0x7fa0da06dc80>,"from py_entitymatching.feature.simfunctions import *
from py_entitymatching.feature.tokenizers import *
def Funded_Enrollment_Funded_Enrollment_cos_dlm_dc0_dlm_dc0(ltuple, rtuple):
    return cosine(dlm_dc0(ltuple[""Funded Enrollment""]), dlm_dc0(rtuple[""Funded Enrollment""])) ",True
Funded_Enrollment_Funded_Enrollment_jac_dlm_dc0_dlm_dc0,Funded Enrollment,Funded Enrollment,dlm_dc0,dlm_dc0,jaccard,<function Funded_Enrollment_Funded_Enrollment_jac_dlm_dc0_dlm_dc0 at 0x7fa0da06dd08>,"from py_entitymatching.feature.simfunctions import *
from py_entitymatching.feature.tokenizers import *
def Funded_Enrollment_Funded_Enrollment_jac_dlm_dc0_dlm_dc0(ltuple, rtuple):
    return jaccard(dlm_dc0(ltuple[""Funded Enrollment""]), dlm_dc0(rtuple[""Funded Enrollment""])) ",True
Funded_Enrollment_Funded_Enrollment_mel,Funded Enrollment,Funded Enrollment,,,monge_elkan,<function Funded_Enrollment_Funded_Enrollment_mel at 0x7fa0da06dd90>,"from py_entitymatching.feature.simfunctions import *
from py_entitymatching.feature.tokenizers import *
def Funded_Enrollment_Funded_Enrollment_mel(ltuple, rtuple):
    return monge_elkan(ltuple[""Funded Enrollment""], rtuple[""Funded Enrollment""])",True
Funded_Enrollment_Funded_Enrollment_lev_dist,Funded Enrollment,Funded Enrollment,,,lev_dist,<function Funded_Enrollment_Funded_Enrollment_lev_dist at 0x7fa0da06de18>,"from py_entitymatching.feature.simfunctions import *
from py_entitymatching.feature.tokenizers import *
def Funded_Enrollment_Funded_Enrollment_lev_dist(ltuple, rtuple):
    return lev_dist(ltuple[""Funded Enrollment""], rtuple[""Funded Enrollment""])",True
Funded_Enrollment_Funded_Enrollment_lev_sim,Funded Enrollment,Funded Enrollment,,,lev_sim,<function Funded_Enrollment_Funded_Enrollment_lev_sim at 0x7fa0da06dea0>,"from py_entitymatching.feature.simfunctions import *
from py_entitymatching.feature.tokenizers import *
def Funded_Enrollment_Funded_Enrollment_lev_sim(ltuple, rtuple):
    return lev_sim(ltuple[""Funded Enrollment""], rtuple[""Funded Enrollment""])",True
Funded_Enrollment_Funded_Enrollment_nmw,Funded Enrollment,Funded Enrollment,,,needleman_wunsch,<function Funded_Enrollment_Funded_Enrollment_nmw at 0x7fa0da06df28>,"from py_entitymatching.feature.simfunctions import *
from py_entitymatching.feature.tokenizers import *
def Funded_Enrollment_Funded_Enrollment_nmw(ltuple, rtuple):
    return needleman_wunsch(ltuple[""Funded Enrollment""], rtuple[""Funded Enrollment""])",True
Funded_Enrollment_Funded_Enrollment_sw,Funded Enrollment,Funded Enrollment,,,smith_waterman,<function Funded_Enrollment_Funded_Enrollment_sw at 0x7fa0da05b048>,"from py_entitymatching.feature.simfunctions import *
from py_entitymatching.feature.tokenizers import *
def Funded_Enrollment_Funded_Enrollment_sw(ltuple, rtuple):
    return smith_waterman(ltuple[""Funded Enrollment""], rtuple[""Funded Enrollment""])",True
Program_Option_Program_Option_jac_qgm_3_qgm_3,Program Option,Program Option,qgm_3,qgm_3,jaccard,<function Program_Option_Program_Option_jac_qgm_3_qgm_3 at 0x7fa0da05b0d0>,"from py_entitymatching.feature.simfunctions import *
from py_entitymatching.feature.tokenizers import *
def Program_Option_Program_Option_jac_qgm_3_qgm_3(ltuple, rtuple):
    return jaccard(qgm_3(ltuple[""Program Option""]), qgm_3(rtuple[""Program Option""])) ",True
Program_Option_Program_Option_cos_dlm_dc0_dlm_dc0,Program Option,Program Option,dlm_dc0,dlm_dc0,cosine,<function Program_Option_Program_Option_cos_dlm_dc0_dlm_dc0 at 0x7fa0da05b158>,"from py_entitymatching.feature.simfunctions import *
from py_entitymatching.feature.tokenizers import *
def Program_Option_Program_Option_cos_dlm_dc0_dlm_dc0(ltuple, rtuple):
    return cosine(dlm_dc0(ltuple[""Program Option""]), dlm_dc0(rtuple[""Program Option""])) ",True
Program_Option_Program_Option_jac_dlm_dc0_dlm_dc0,Program Option,Program Option,dlm_dc0,dlm_dc0,jaccard,<function Program_Option_Program_Option_jac_dlm_dc0_dlm_dc0 at 0x7fa0da05b1e0>,"from py_entitymatching.feature.simfunctions import *
from py_entitymatching.feature.tokenizers import *
def Program_Option_Program_Option_jac_dlm_dc0_dlm_dc0(ltuple, rtuple):
    return jaccard(dlm_dc0(ltuple[""Program Option""]), dlm_dc0(rtuple[""Program Option""])) ",True
Program_Option_Program_Option_mel,Program Option,Program Option,,,monge_elkan,<function Program_Option_Program_Option_mel at 0x7fa0da05b268>,"from py_entitymatching.feature.simfunctions import *
from py_entitymatching.feature.tokenizers import *
def Program_Option_Program_Option_mel(ltuple, rtuple):
    return monge_elkan(ltuple[""Program Option""], rtuple[""Program Option""])",True
Program_Option_Program_Option_lev_dist,Program Option,Program Option,,,lev_dist,<function Program_Option_Program_Option_lev_dist at 0x7fa0da05b2f0>,"from py_entitymatching.feature.simfunctions import *
from py_entitymatching.feature.tokenizers import *
def Program_Option_Program_Option_lev_dist(ltuple, rtuple):
    return lev_dist(ltuple[""Program Option""], rtuple[""Program Option""])",True
Program_Option_Program_Option_lev_sim,Program Option,Program Option,,,lev_sim,<function Program_Option_Program_Option_lev_sim at 0x7fa0da05b378>,"from py_entitymatching.feature.simfunctions import *
from py_entitymatching.feature.tokenizers import *
def Program_Option_Program_Option_lev_sim(ltuple, rtuple):
    return lev_sim(ltuple[""Program Option""], rtuple[""Program Option""])",True
Program_Option_Program_Option_nmw,Program Option,Program Option,,,needleman_wunsch,<function Program_Option_Program_Option_nmw at 0x7fa0da05b400>,"from py_entitymatching.feature.simfunctions import *
from py_entitymatching.feature.tokenizers import *
def Program_Option_Program_Option_nmw(ltuple, rtuple):
    return needleman_wunsch(ltuple[""Program Option""], rtuple[""Program Option""])",True
Program_Option_Program_Option_sw,Program Option,Program Option,,,smith_waterman,<function Program_Option_Program_Option_sw at 0x7fa0da05b488>,"from py_entitymatching.feature.simfunctions import *
from py_entitymatching.feature.tokenizers import *
def Program_Option_Program_Option_sw(ltuple, rtuple):
    return smith_waterman(ltuple[""Program Option""], rtuple[""Program Option""])",True
Number_per_Site_EHS_Number_per_Site_EHS_lev_dist,Number per Site EHS,Number per Site EHS,,,lev_dist,<function Number_per_Site_EHS_Number_per_Site_EHS_lev_dist at 0x7fa0da05b510>,"from py_entitymatching.feature.simfunctions import *
from py_entitymatching.feature.tokenizers import *
def Number_per_Site_EHS_Number_per_Site_EHS_lev_dist(ltuple, rtuple):
    return lev_dist(ltuple[""Number per Site EHS""], rtuple[""Number per Site EHS""])",True
Number_per_Site_EHS_Number_per_Site_EHS_lev_sim,Number per Site EHS,Number per Site EHS,,,lev_sim,<function Number_per_Site_EHS_Number_per_Site_EHS_lev_sim at 0x7fa0da05b598>,"from py_entitymatching.feature.simfunctions import *
from py_entitymatching.feature.tokenizers import *
def Number_per_Site_EHS_Number_per_Site_EHS_lev_sim(ltuple, rtuple):
    return lev_sim(ltuple[""Number per Site EHS""], rtuple[""Number per Site EHS""])",True
Number_per_Site_EHS_Number_per_Site_EHS_jar,Number per Site EHS,Number per Site EHS,,,jaro,<function Number_per_Site_EHS_Number_per_Site_EHS_jar at 0x7fa0da05b620>,"from py_entitymatching.feature.simfunctions import *
from py_entitymatching.feature.tokenizers import *
def Number_per_Site_EHS_Number_per_Site_EHS_jar(ltuple, rtuple):
    return jaro(ltuple[""Number per Site EHS""], rtuple[""Number per Site EHS""])",True
Number_per_Site_EHS_Number_per_Site_EHS_jwn,Number per Site EHS,Number per Site EHS,,,jaro_winkler,<function Number_per_Site_EHS_Number_per_Site_EHS_jwn at 0x7fa0da05b6a8>,"from py_entitymatching.feature.simfunctions import *
from py_entitymatching.feature.tokenizers import *
def Number_per_Site_EHS_Number_per_Site_EHS_jwn(ltuple, rtuple):
    return jaro_winkler(ltuple[""Number per Site EHS""], rtuple[""Number per Site EHS""])",True
Number_per_Site_EHS_Number_per_Site_EHS_exm,Number per Site EHS,Number per Site EHS,,,exact_match,<function Number_per_Site_EHS_Number_per_Site_EHS_exm at 0x7fa0da05b730>,"from py_entitymatching.feature.simfunctions import *
from py_entitymatching.feature.tokenizers import *
def Number_per_Site_EHS_Number_per_Site_EHS_exm(ltuple, rtuple):
    return exact_match(ltuple[""Number per Site EHS""], rtuple[""Number per Site EHS""])",True
Number_per_Site_EHS_Number_per_Site_EHS_jac_qgm_3_qgm_3,Number per Site EHS,Number per Site EHS,qgm_3,qgm_3,jaccard,<function Number_per_Site_EHS_Number_per_Site_EHS_jac_qgm_3_qgm_3 at 0x7fa0da05b7b8>,"from py_entitymatching.feature.simfunctions import *
from py_entitymatching.feature.tokenizers import *
def Number_per_Site_EHS_Number_per_Site_EHS_jac_qgm_3_qgm_3(ltuple, rtuple):
    return jaccard(qgm_3(ltuple[""Number per Site EHS""]), qgm_3(rtuple[""Number per Site EHS""])) ",True
Number_per_Site_HS_Number_per_Site_HS_lev_dist,Number per Site HS,Number per Site HS,,,lev_dist,<function Number_per_Site_HS_Number_per_Site_HS_lev_dist at 0x7fa0da05b840>,"from py_entitymatching.feature.simfunctions import *
from py_entitymatching.feature.tokenizers import *
def Number_per_Site_HS_Number_per_Site_HS_lev_dist(ltuple, rtuple):
    return lev_dist(ltuple[""Number per Site HS""], rtuple[""Number per Site HS""])",True
Number_per_Site_HS_Number_per_Site_HS_lev_sim,Number per Site HS,Number per Site HS,,,lev_sim,<function Number_per_Site_HS_Number_per_Site_HS_lev_sim at 0x7fa0da05b8c8>,"from py_entitymatching.feature.simfunctions import *
from py_entitymatching.feature.tokenizers import *
def Number_per_Site_HS_Number_per_Site_HS_lev_sim(ltuple, rtuple):
    return lev_sim(ltuple[""Number per Site HS""], rtuple[""Number per Site HS""])",True
Number_per_Site_HS_Number_per_Site_HS_jar,Number per Site HS,Number per Site HS,,,jaro,<function Number_per_Site_HS_Number_per_Site_HS_jar at 0x7fa0da05b950>,"from py_entitymatching.feature.simfunctions import *
from py_entitymatching.feature.tokenizers import *
def Number_per_Site_HS_Number_per_Site_HS_jar(ltuple, rtuple):
    return jaro(ltuple[""Number per Site HS""], rtuple[""Number per Site HS""])",True
Number_per_Site_HS_Number_per_Site_HS_jwn,Number per Site HS,Number per Site HS,,,jaro_winkler,<function Number_per_Site_HS_Number_per_Site_HS_jwn at 0x7fa0da05b9d8>,"from py_entitymatching.feature.simfunctions import *
from py_entitymatching.feature.tokenizers import *
def Number_per_Site_HS_Number_per_Site_HS_jwn(ltuple, rtuple):
    return jaro_winkler(ltuple[""Number per Site HS""], rtuple[""Number per Site HS""])",True
Number_per_Site_HS_Number_per_Site_HS_exm,Number per Site HS,Number per Site HS,,,exact_match,<function Number_per_Site_HS_Number_per_Site_HS_exm at 0x7fa0da05ba60>,"from py_entitymatching.feature.simfunctions import *
from py_entitymatching.feature.tokenizers import *
def Number_per_Site_HS_Number_per_Site_HS_exm(ltuple, rtuple):
    return exact_match(ltuple[""Number per Site HS""], rtuple[""Number per Site HS""])",True
Number_per_Site_HS_Number_per_Site_HS_jac_qgm_3_qgm_3,Number per Site HS,Number per Site HS,qgm_3,qgm_3,jaccard,<function Number_per_Site_HS_Number_per_Site_HS_jac_qgm_3_qgm_3 at 0x7fa0da05bae8>,"from py_entitymatching.feature.simfunctions import *
from py_entitymatching.feature.tokenizers import *
def Number_per_Site_HS_Number_per_Site_HS_jac_qgm_3_qgm_3(ltuple, rtuple):
    return jaccard(qgm_3(ltuple[""Number per Site HS""]), qgm_3(rtuple[""Number per Site HS""])) ",True
Eearly_Head_Start_Fund_Eearly_Head_Start_Fund_jac_qgm_3_qgm_3,Eearly Head Start Fund,Eearly Head Start Fund,qgm_3,qgm_3,jaccard,<function Eearly_Head_Start_Fund_Eearly_Head_Start_Fund_jac_qgm_3_qgm_3 at 0x7fa0da05bb70>,"from py_entitymatching.feature.simfunctions import *
from py_entitymatching.feature.tokenizers import *
def Eearly_Head_Start_Fund_Eearly_Head_Start_Fund_jac_qgm_3_qgm_3(ltuple, rtuple):
    return jaccard(qgm_3(ltuple[""Eearly Head Start Fund""]), qgm_3(rtuple[""Eearly Head Start Fund""])) ",True
Eearly_Head_Start_Fund_Eearly_Head_Start_Fund_cos_dlm_dc0_dlm_dc0,Eearly Head Start Fund,Eearly Head Start Fund,dlm_dc0,dlm_dc0,cosine,<function Eearly_Head_Start_Fund_Eearly_Head_Start_Fund_cos_dlm_dc0_dlm_dc0 at 0x7fa0da05bbf8>,"from py_entitymatching.feature.simfunctions import *
from py_entitymatching.feature.tokenizers import *
def Eearly_Head_Start_Fund_Eearly_Head_Start_Fund_cos_dlm_dc0_dlm_dc0(ltuple, rtuple):
    return cosine(dlm_dc0(ltuple[""Eearly Head Start Fund""]), dlm_dc0(rtuple[""Eearly Head Start Fund""])) ",True
Eearly_Head_Start_Fund_Eearly_Head_Start_Fund_jac_dlm_dc0_dlm_dc0,Eearly Head Start Fund,Eearly Head Start Fund,dlm_dc0,dlm_dc0,jaccard,<function Eearly_Head_Start_Fund_Eearly_Head_Start_Fund_jac_dlm_dc0_dlm_dc0 at 0x7fa0da05bc80>,"from py_entitymatching.feature.simfunctions import *
from py_entitymatching.feature.tokenizers import *
def Eearly_Head_Start_Fund_Eearly_Head_Start_Fund_jac_dlm_dc0_dlm_dc0(ltuple, rtuple):
    return jaccard(dlm_dc0(ltuple[""Eearly Head Start Fund""]), dlm_dc0(rtuple[""Eearly Head Start Fund""])) ",True
Eearly_Head_Start_Fund_Eearly_Head_Start_Fund_mel,Eearly Head Start Fund,Eearly Head Start Fund,,,monge_elkan,<function Eearly_Head_Start_Fund_Eearly_Head_Start_Fund_mel at 0x7fa0da05bd08>,"from py_entitymatching.feature.simfunctions import *
from py_entitymatching.feature.tokenizers import *
def Eearly_Head_Start_Fund_Eearly_Head_Start_Fund_mel(ltuple, rtuple):
    return monge_elkan(ltuple[""Eearly Head Start Fund""], rtuple[""Eearly Head Start Fund""])",True
Eearly_Head_Start_Fund_Eearly_Head_Start_Fund_lev_dist,Eearly Head Start Fund,Eearly Head Start Fund,,,lev_dist,<function Eearly_Head_Start_Fund_Eearly_Head_Start_Fund_lev_dist at 0x7fa0da05bd90>,"from py_entitymatching.feature.simfunctions import *
from py_entitymatching.feature.tokenizers import *
def Eearly_Head_Start_Fund_Eearly_Head_Start_Fund_lev_dist(ltuple, rtuple):
    return lev_dist(ltuple[""Eearly Head Start Fund""], rtuple[""Eearly Head Start Fund""])",True
Eearly_Head_Start_Fund_Eearly_Head_Start_Fund_lev_sim,Eearly Head Start Fund,Eearly Head Start Fund,,,lev_sim,<function Eearly_Head_Start_Fund_Eearly_Head_Start_Fund_lev_sim at 0x7fa0da05be18>,"from py_entitymatching.feature.simfunctions import *
from py_entitymatching.feature.tokenizers import *
def Eearly_Head_Start_Fund_Eearly_Head_Start_Fund_lev_sim(ltuple, rtuple):
    return lev_sim(ltuple[""Eearly Head Start Fund""], rtuple[""Eearly Head Start Fund""])",True
Eearly_Head_Start_Fund_Eearly_Head_Start_Fund_nmw,Eearly Head Start Fund,Eearly Head Start Fund,,,needleman_wunsch,<function Eearly_Head_Start_Fund_Eearly_Head_Start_Fund_nmw at 0x7fa0da05bea0>,"from py_entitymatching.feature.simfunctions import *
from py_entitymatching.feature.tokenizers import *
def Eearly_Head_Start_Fund_Eearly_Head_Start_Fund_nmw(ltuple, rtuple):
    return needleman_wunsch(ltuple[""Eearly Head Start Fund""], rtuple[""Eearly Head Start Fund""])",True
Eearly_Head_Start_Fund_Eearly_Head_Start_Fund_sw,Eearly Head Start Fund,Eearly Head Start Fund,,,smith_waterman,<function Eearly_Head_Start_Fund_Eearly_Head_Start_Fund_sw at 0x7fa0da05bf28>,"from py_entitymatching.feature.simfunctions import *
from py_entitymatching.feature.tokenizers import *
def Eearly_Head_Start_Fund_Eearly_Head_Start_Fund_sw(ltuple, rtuple):
    return smith_waterman(ltuple[""Eearly Head Start Fund""], rtuple[""Eearly Head Start Fund""])",True
CC_fund_CC_fund_lev_dist,CC fund,CC fund,,,lev_dist,<function CC_fund_CC_fund_lev_dist at 0x7fa0da060048>,"from py_entitymatching.feature.simfunctions import *
from py_entitymatching.feature.tokenizers import *
def CC_fund_CC_fund_lev_dist(ltuple, rtuple):
    return lev_dist(ltuple[""CC fund""], rtuple[""CC fund""])",True
CC_fund_CC_fund_lev_sim,CC fund,CC fund,,,lev_sim,<function CC_fund_CC_fund_lev_sim at 0x7fa0da0600d0>,"from py_entitymatching.feature.simfunctions import *
from py_entitymatching.feature.tokenizers import *
def CC_fund_CC_fund_lev_sim(ltuple, rtuple):
    return lev_sim(ltuple[""CC fund""], rtuple[""CC fund""])",True
CC_fund_CC_fund_jar,CC fund,CC fund,,,jaro,<function CC_fund_CC_fund_jar at 0x7fa0da060158>,"from py_entitymatching.feature.simfunctions import *
from py_entitymatching.feature.tokenizers import *
def CC_fund_CC_fund_jar(ltuple, rtuple):
    return jaro(ltuple[""CC fund""], rtuple[""CC fund""])",True
CC_fund_CC_fund_jwn,CC fund,CC fund,,,jaro_winkler,<function CC_fund_CC_fund_jwn at 0x7fa0da0601e0>,"from py_entitymatching.feature.simfunctions import *
from py_entitymatching.feature.tokenizers import *
def CC_fund_CC_fund_jwn(ltuple, rtuple):
    return jaro_winkler(ltuple[""CC fund""], rtuple[""CC fund""])",True
CC_fund_CC_fund_exm,CC fund,CC fund,,,exact_match,<function CC_fund_CC_fund_exm at 0x7fa0da060268>,"from py_entitymatching.feature.simfunctions import *
from py_entitymatching.feature.tokenizers import *
def CC_fund_CC_fund_exm(ltuple, rtuple):
    return exact_match(ltuple[""CC fund""], rtuple[""CC fund""])",True
CC_fund_CC_fund_jac_qgm_3_qgm_3,CC fund,CC fund,qgm_3,qgm_3,jaccard,<function CC_fund_CC_fund_jac_qgm_3_qgm_3 at 0x7fa0da0602f0>,"from py_entitymatching.feature.simfunctions import *
from py_entitymatching.feature.tokenizers import *
def CC_fund_CC_fund_jac_qgm_3_qgm_3(ltuple, rtuple):
    return jaccard(qgm_3(ltuple[""CC fund""]), qgm_3(rtuple[""CC fund""])) ",True
Progmod_Progmod_lev_dist,Progmod,Progmod,,,lev_dist,<function Progmod_Progmod_lev_dist at 0x7fa0da060378>,"from py_entitymatching.feature.simfunctions import *
from py_entitymatching.feature.tokenizers import *
def Progmod_Progmod_lev_dist(ltuple, rtuple):
    return lev_dist(ltuple[""Progmod""], rtuple[""Progmod""])",True
Progmod_Progmod_lev_sim,Progmod,Progmod,,,lev_sim,<function Progmod_Progmod_lev_sim at 0x7fa0da060400>,"from py_entitymatching.feature.simfunctions import *
from py_entitymatching.feature.tokenizers import *
def Progmod_Progmod_lev_sim(ltuple, rtuple):
    return lev_sim(ltuple[""Progmod""], rtuple[""Progmod""])",True
Progmod_Progmod_jar,Progmod,Progmod,,,jaro,<function Progmod_Progmod_jar at 0x7fa0da060488>,"from py_entitymatching.feature.simfunctions import *
from py_entitymatching.feature.tokenizers import *
def Progmod_Progmod_jar(ltuple, rtuple):
    return jaro(ltuple[""Progmod""], rtuple[""Progmod""])",True
Progmod_Progmod_jwn,Progmod,Progmod,,,jaro_winkler,<function Progmod_Progmod_jwn at 0x7fa0da060510>,"from py_entitymatching.feature.simfunctions import *
from py_entitymatching.feature.tokenizers import *
def Progmod_Progmod_jwn(ltuple, rtuple):
    return jaro_winkler(ltuple[""Progmod""], rtuple[""Progmod""])",True
Progmod_Progmod_exm,Progmod,Progmod,,,exact_match,<function Progmod_Progmod_exm at 0x7fa0da060598>,"from py_entitymatching.feature.simfunctions import *
from py_entitymatching.feature.tokenizers import *
def Progmod_Progmod_exm(ltuple, rtuple):
    return exact_match(ltuple[""Progmod""], rtuple[""Progmod""])",True
Progmod_Progmod_jac_qgm_3_qgm_3,Progmod,Progmod,qgm_3,qgm_3,jaccard,<function Progmod_Progmod_jac_qgm_3_qgm_3 at 0x7fa0da060620>,"from py_entitymatching.feature.simfunctions import *
from py_entitymatching.feature.tokenizers import *
def Progmod_Progmod_jac_qgm_3_qgm_3(ltuple, rtuple):
    return jaccard(qgm_3(ltuple[""Progmod""]), qgm_3(rtuple[""Progmod""])) ",True
Website_Website_lev_dist,Website,Website,,,lev_dist,<function Website_Website_lev_dist at 0x7fa0da0606a8>,"from py_entitymatching.feature.simfunctions import *
from py_entitymatching.feature.tokenizers import *
def Website_Website_lev_dist(ltuple, rtuple):
    return lev_dist(ltuple[""Website""], rtuple[""Website""])",True
Website_Website_lev_sim,Website,Website,,,lev_sim,<function Website_Website_lev_sim at 0x7fa0da060730>,"from py_entitymatching.feature.simfunctions import *
from py_entitymatching.feature.tokenizers import *
def Website_Website_lev_sim(ltuple, rtuple):
    return lev_sim(ltuple[""Website""], rtuple[""Website""])",True
Website_Website_jar,Website,Website,,,jaro,<function Website_Website_jar at 0x7fa0da0607b8>,"from py_entitymatching.feature.simfunctions import *
from py_entitymatching.feature.tokenizers import *
def Website_Website_jar(ltuple, rtuple):
    return jaro(ltuple[""Website""], rtuple[""Website""])",True
Website_Website_jwn,Website,Website,,,jaro_winkler,<function Website_Website_jwn at 0x7fa0da060840>,"from py_entitymatching.feature.simfunctions import *
from py_entitymatching.feature.tokenizers import *
def Website_Website_jwn(ltuple, rtuple):
    return jaro_winkler(ltuple[""Website""], rtuple[""Website""])",True
Website_Website_exm,Website,Website,,,exact_match,<function Website_Website_exm at 0x7fa0da0608c8>,"from py_entitymatching.feature.simfunctions import *
from py_entitymatching.feature.tokenizers import *
def Website_Website_exm(ltuple, rtuple):
    return exact_match(ltuple[""Website""], rtuple[""Website""])",True
Website_Website_jac_qgm_3_qgm_3,Website,Website,qgm_3,qgm_3,jaccard,<function Website_Website_jac_qgm_3_qgm_3 at 0x7fa0da060950>,"from py_entitymatching.feature.simfunctions import *
from py_entitymatching.feature.tokenizers import *
def Website_Website_jac_qgm_3_qgm_3(ltuple, rtuple):
    return jaccard(qgm_3(ltuple[""Website""]), qgm_3(rtuple[""Website""])) ",True
Executive_Director_Executive_Director_jac_qgm_3_qgm_3,Executive Director,Executive Director,qgm_3,qgm_3,jaccard,<function Executive_Director_Executive_Director_jac_qgm_3_qgm_3 at 0x7fa0da0609d8>,"from py_entitymatching.feature.simfunctions import *
from py_entitymatching.feature.tokenizers import *
def Executive_Director_Executive_Director_jac_qgm_3_qgm_3(ltuple, rtuple):
    return jaccard(qgm_3(ltuple[""Executive Director""]), qgm_3(rtuple[""Executive Director""])) ",True
Executive_Director_Executive_Director_cos_dlm_dc0_dlm_dc0,Executive Director,Executive Director,dlm_dc0,dlm_dc0,cosine,<function Executive_Director_Executive_Director_cos_dlm_dc0_dlm_dc0 at 0x7fa0da060a60>,"from py_entitymatching.feature.simfunctions import *
from py_entitymatching.feature.tokenizers import *
def Executive_Director_Executive_Director_cos_dlm_dc0_dlm_dc0(ltuple, rtuple):
    return cosine(dlm_dc0(ltuple[""Executive Director""]), dlm_dc0(rtuple[""Executive Director""])) ",True
Executive_Director_Executive_Director_mel,Executive Director,Executive Director,,,monge_elkan,<function Executive_Director_Executive_Director_mel at 0x7fa0da060ae8>,"from py_entitymatching.feature.simfunctions import *
from py_entitymatching.feature.tokenizers import *
def Executive_Director_Executive_Director_mel(ltuple, rtuple):
    return monge_elkan(ltuple[""Executive Director""], rtuple[""Executive Director""])",True
Executive_Director_Executive_Director_lev_dist,Executive Director,Executive Director,,,lev_dist,<function Executive_Director_Executive_Director_lev_dist at 0x7fa0da060b70>,"from py_entitymatching.feature.simfunctions import *
from py_entitymatching.feature.tokenizers import *
def Executive_Director_Executive_Director_lev_dist(ltuple, rtuple):
    return lev_dist(ltuple[""Executive Director""], rtuple[""Executive Director""])",True
Executive_Director_Executive_Director_lev_sim,Executive Director,Executive Director,,,lev_sim,<function Executive_Director_Executive_Director_lev_sim at 0x7fa0da060bf8>,"from py_entitymatching.feature.simfunctions import *
from py_entitymatching.feature.tokenizers import *
def Executive_Director_Executive_Director_lev_sim(ltuple, rtuple):
    return lev_sim(ltuple[""Executive Director""], rtuple[""Executive Director""])",True
Center_Director_Center_Director_jac_qgm_3_qgm_3,Center Director,Center Director,qgm_3,qgm_3,jaccard,<function Center_Director_Center_Director_jac_qgm_3_qgm_3 at 0x7fa0da060c80>,"from py_entitymatching.feature.simfunctions import *
from py_entitymatching.feature.tokenizers import *
def Center_Director_Center_Director_jac_qgm_3_qgm_3(ltuple, rtuple):
    return jaccard(qgm_3(ltuple[""Center Director""]), qgm_3(rtuple[""Center Director""])) ",True
Center_Director_Center_Director_cos_dlm_dc0_dlm_dc0,Center Director,Center Director,dlm_dc0,dlm_dc0,cosine,<function Center_Director_Center_Director_cos_dlm_dc0_dlm_dc0 at 0x7fa0da060d08>,"from py_entitymatching.feature.simfunctions import *
from py_entitymatching.feature.tokenizers import *
def Center_Director_Center_Director_cos_dlm_dc0_dlm_dc0(ltuple, rtuple):
    return cosine(dlm_dc0(ltuple[""Center Director""]), dlm_dc0(rtuple[""Center Director""])) ",True
Center_Director_Center_Director_jac_dlm_dc0_dlm_dc0,Center Director,Center Director,dlm_dc0,dlm_dc0,jaccard,<function Center_Director_Center_Director_jac_dlm_dc0_dlm_dc0 at 0x7fa0da060d90>,"from py_entitymatching.feature.simfunctions import *
from py_entitymatching.feature.tokenizers import *
def Center_Director_Center_Director_jac_dlm_dc0_dlm_dc0(ltuple, rtuple):
    return jaccard(dlm_dc0(ltuple[""Center Director""]), dlm_dc0(rtuple[""Center Director""])) ",True
Center_Director_Center_Director_mel,Center Director,Center Director,,,monge_elkan,<function Center_Director_Center_Director_mel at 0x7fa0da060e18>,"from py_entitymatching.feature.simfunctions import *
from py_entitymatching.feature.tokenizers import *
def Center_Director_Center_Director_mel(ltuple, rtuple):
    return monge_elkan(ltuple[""Center Director""], rtuple[""Center Director""])",True
Center_Director_Center_Director_lev_dist,Center Director,Center Director,,,lev_dist,<function Center_Director_Center_Director_lev_dist at 0x7fa0da060ea0>,"from py_entitymatching.feature.simfunctions import *
from py_entitymatching.feature.tokenizers import *
def Center_Director_Center_Director_lev_dist(ltuple, rtuple):
    return lev_dist(ltuple[""Center Director""], rtuple[""Center Director""])",True
Center_Director_Center_Director_lev_sim,Center Director,Center Director,,,lev_sim,<function Center_Director_Center_Director_lev_sim at 0x7fa0da060f28>,"from py_entitymatching.feature.simfunctions import *
from py_entitymatching.feature.tokenizers import *
def Center_Director_Center_Director_lev_sim(ltuple, rtuple):
    return lev_sim(ltuple[""Center Director""], rtuple[""Center Director""])",True
Center_Director_Center_Director_nmw,Center Director,Center Director,,,needleman_wunsch,<function Center_Director_Center_Director_nmw at 0x7fa0d9ffd048>,"from py_entitymatching.feature.simfunctions import *
from py_entitymatching.feature.tokenizers import *
def Center_Director_Center_Director_nmw(ltuple, rtuple):
    return needleman_wunsch(ltuple[""Center Director""], rtuple[""Center Director""])",True
Center_Director_Center_Director_sw,Center Director,Center Director,,,smith_waterman,<function Center_Director_Center_Director_sw at 0x7fa0d9ffd0d0>,"from py_entitymatching.feature.simfunctions import *
from py_entitymatching.feature.tokenizers import *
def Center_Director_Center_Director_sw(ltuple, rtuple):
    return smith_waterman(ltuple[""Center Director""], rtuple[""Center Director""])",True
ECE_Available_Programs_ECE_Available_Programs_jac_qgm_3_qgm_3,ECE Available Programs,ECE Available Programs,qgm_3,qgm_3,jaccard,<function ECE_Available_Programs_ECE_Available_Programs_jac_qgm_3_qgm_3 at 0x7fa0d9ffd158>,"from py_entitymatching.feature.simfunctions import *
from py_entitymatching.feature.tokenizers import *
def ECE_Available_Programs_ECE_Available_Programs_jac_qgm_3_qgm_3(ltuple, rtuple):
    return jaccard(qgm_3(ltuple[""ECE Available Programs""]), qgm_3(rtuple[""ECE Available Programs""])) ",True
ECE_Available_Programs_ECE_Available_Programs_cos_dlm_dc0_dlm_dc0,ECE Available Programs,ECE Available Programs,dlm_dc0,dlm_dc0,cosine,<function ECE_Available_Programs_ECE_Available_Programs_cos_dlm_dc0_dlm_dc0 at 0x7fa0d9ffd1e0>,"from py_entitymatching.feature.simfunctions import *
from py_entitymatching.feature.tokenizers import *
def ECE_Available_Programs_ECE_Available_Programs_cos_dlm_dc0_dlm_dc0(ltuple, rtuple):
    return cosine(dlm_dc0(ltuple[""ECE Available Programs""]), dlm_dc0(rtuple[""ECE Available Programs""])) ",True
ECE_Available_Programs_ECE_Available_Programs_jac_dlm_dc0_dlm_dc0,ECE Available Programs,ECE Available Programs,dlm_dc0,dlm_dc0,jaccard,<function ECE_Available_Programs_ECE_Available_Programs_jac_dlm_dc0_dlm_dc0 at 0x7fa0d9ffd268>,"from py_entitymatching.feature.simfunctions import *
from py_entitymatching.feature.tokenizers import *
def ECE_Available_Programs_ECE_Available_Programs_jac_dlm_dc0_dlm_dc0(ltuple, rtuple):
    return jaccard(dlm_dc0(ltuple[""ECE Available Programs""]), dlm_dc0(rtuple[""ECE Available Programs""])) ",True
ECE_Available_Programs_ECE_Available_Programs_mel,ECE Available Programs,ECE Available Programs,,,monge_elkan,<function ECE_Available_Programs_ECE_Available_Programs_mel at 0x7fa0d9ffd2f0>,"from py_entitymatching.feature.simfunctions import *
from py_entitymatching.feature.tokenizers import *
def ECE_Available_Programs_ECE_Available_Programs_mel(ltuple, rtuple):
    return monge_elkan(ltuple[""ECE Available Programs""], rtuple[""ECE Available Programs""])",True
ECE_Available_Programs_ECE_Available_Programs_lev_dist,ECE Available Programs,ECE Available Programs,,,lev_dist,<function ECE_Available_Programs_ECE_Available_Programs_lev_dist at 0x7fa0d9ffd378>,"from py_entitymatching.feature.simfunctions import *
from py_entitymatching.feature.tokenizers import *
def ECE_Available_Programs_ECE_Available_Programs_lev_dist(ltuple, rtuple):
    return lev_dist(ltuple[""ECE Available Programs""], rtuple[""ECE Available Programs""])",True
ECE_Available_Programs_ECE_Available_Programs_lev_sim,ECE Available Programs,ECE Available Programs,,,lev_sim,<function ECE_Available_Programs_ECE_Available_Programs_lev_sim at 0x7fa0d9ffd400>,"from py_entitymatching.feature.simfunctions import *
from py_entitymatching.feature.tokenizers import *
def ECE_Available_Programs_ECE_Available_Programs_lev_sim(ltuple, rtuple):
    return lev_sim(ltuple[""ECE Available Programs""], rtuple[""ECE Available Programs""])",True
ECE_Available_Programs_ECE_Available_Programs_nmw,ECE Available Programs,ECE Available Programs,,,needleman_wunsch,<function ECE_Available_Programs_ECE_Available_Programs_nmw at 0x7fa0d9ffd488>,"from py_entitymatching.feature.simfunctions import *
from py_entitymatching.feature.tokenizers import *
def ECE_Available_Programs_ECE_Available_Programs_nmw(ltuple, rtuple):
    return needleman_wunsch(ltuple[""ECE Available Programs""], rtuple[""ECE Available Programs""])",True
ECE_Available_Programs_ECE_Available_Programs_sw,ECE Available Programs,ECE Available Programs,,,smith_waterman,<function ECE_Available_Programs_ECE_Available_Programs_sw at 0x7fa0d9ffd510>,"from py_entitymatching.feature.simfunctions import *
from py_entitymatching.feature.tokenizers import *
def ECE_Available_Programs_ECE_Available_Programs_sw(ltuple, rtuple):
    return smith_waterman(ltuple[""ECE Available Programs""], rtuple[""ECE Available Programs""])",True
NAEYC_Valid_Until_NAEYC_Valid_Until_jac_qgm_3_qgm_3,NAEYC Valid Until,NAEYC Valid Until,qgm_3,qgm_3,jaccard,<function NAEYC_Valid_Until_NAEYC_Valid_Until_jac_qgm_3_qgm_3 at 0x7fa0d9ffd598>,"from py_entitymatching.feature.simfunctions import *
from py_entitymatching.feature.tokenizers import *
def NAEYC_Valid_Until_NAEYC_Valid_Until_jac_qgm_3_qgm_3(ltuple, rtuple):
    return jaccard(qgm_3(ltuple[""NAEYC Valid Until""]), qgm_3(rtuple[""NAEYC Valid Until""])) ",True
NAEYC_Valid_Until_NAEYC_Valid_Until_cos_dlm_dc0_dlm_dc0,NAEYC Valid Until,NAEYC Valid Until,dlm_dc0,dlm_dc0,cosine,<function NAEYC_Valid_Until_NAEYC_Valid_Until_cos_dlm_dc0_dlm_dc0 at 0x7fa0d9ffd620>,"from py_entitymatching.feature.simfunctions import *
from py_entitymatching.feature.tokenizers import *
def NAEYC_Valid_Until_NAEYC_Valid_Until_cos_dlm_dc0_dlm_dc0(ltuple, rtuple):
    return cosine(dlm_dc0(ltuple[""NAEYC Valid Until""]), dlm_dc0(rtuple[""NAEYC Valid Until""])) ",True
NAEYC_Valid_Until_NAEYC_Valid_Until_jac_dlm_dc0_dlm_dc0,NAEYC Valid Until,NAEYC Valid Until,dlm_dc0,dlm_dc0,jaccard,<function NAEYC_Valid_Until_NAEYC_Valid_Until_jac_dlm_dc0_dlm_dc0 at 0x7fa0d9ffd6a8>,"from py_entitymatching.feature.simfunctions import *
from py_entitymatching.feature.tokenizers import *
def NAEYC_Valid_Until_NAEYC_Valid_Until_jac_dlm_dc0_dlm_dc0(ltuple, rtuple):
    return jaccard(dlm_dc0(ltuple[""NAEYC Valid Until""]), dlm_dc0(rtuple[""NAEYC Valid Until""])) ",True
NAEYC_Valid_Until_NAEYC_Valid_Until_mel,NAEYC Valid Until,NAEYC Valid Until,,,monge_elkan,<function NAEYC_Valid_Until_NAEYC_Valid_Until_mel at 0x7fa0d9ffd730>,"from py_entitymatching.feature.simfunctions import *
from py_entitymatching.feature.tokenizers import *
def NAEYC_Valid_Until_NAEYC_Valid_Until_mel(ltuple, rtuple):
    return monge_elkan(ltuple[""NAEYC Valid Until""], rtuple[""NAEYC Valid Until""])",True
NAEYC_Valid_Until_NAEYC_Valid_Until_lev_dist,NAEYC Valid Until,NAEYC Valid Until,,,lev_dist,<function NAEYC_Valid_Until_NAEYC_Valid_Until_lev_dist at 0x7fa0d9ffd7b8>,"from py_entitymatching.feature.simfunctions import *
from py_entitymatching.feature.tokenizers import *
def NAEYC_Valid_Until_NAEYC_Valid_Until_lev_dist(ltuple, rtuple):
    return lev_dist(ltuple[""NAEYC Valid Until""], rtuple[""NAEYC Valid Until""])",True
NAEYC_Valid_Until_NAEYC_Valid_Until_lev_sim,NAEYC Valid Until,NAEYC Valid Until,,,lev_sim,<function NAEYC_Valid_Until_NAEYC_Valid_Until_lev_sim at 0x7fa0d9ffd840>,"from py_entitymatching.feature.simfunctions import *
from py_entitymatching.feature.tokenizers import *
def NAEYC_Valid_Until_NAEYC_Valid_Until_lev_sim(ltuple, rtuple):
    return lev_sim(ltuple[""NAEYC Valid Until""], rtuple[""NAEYC Valid Until""])",True
NAEYC_Valid_Until_NAEYC_Valid_Until_nmw,NAEYC Valid Until,NAEYC Valid Until,,,needleman_wunsch,<function NAEYC_Valid_Until_NAEYC_Valid_Until_nmw at 0x7fa0d9ffd8c8>,"from py_entitymatching.feature.simfunctions import *
from py_entitymatching.feature.tokenizers import *
def NAEYC_Valid_Until_NAEYC_Valid_Until_nmw(ltuple, rtuple):
    return needleman_wunsch(ltuple[""NAEYC Valid Until""], rtuple[""NAEYC Valid Until""])",True
NAEYC_Valid_Until_NAEYC_Valid_Until_sw,NAEYC Valid Until,NAEYC Valid Until,,,smith_waterman,<function NAEYC_Valid_Until_NAEYC_Valid_Until_sw at 0x7fa0d9ffd950>,"from py_entitymatching.feature.simfunctions import *
from py_entitymatching.feature.tokenizers import *
def NAEYC_Valid_Until_NAEYC_Valid_Until_sw(ltuple, rtuple):
    return smith_waterman(ltuple[""NAEYC Valid Until""], rtuple[""NAEYC Valid Until""])",True
Email_Address_Email_Address_lev_dist,Email Address,Email Address,,,lev_dist,<function Email_Address_Email_Address_lev_dist at 0x7fa0d9ffd9d8>,"from py_entitymatching.feature.simfunctions import *
from py_entitymatching.feature.tokenizers import *
def Email_Address_Email_Address_lev_dist(ltuple, rtuple):
    return lev_dist(ltuple[""Email Address""], rtuple[""Email Address""])",True
Email_Address_Email_Address_lev_sim,Email Address,Email Address,,,lev_sim,<function Email_Address_Email_Address_lev_sim at 0x7fa0d9ffda60>,"from py_entitymatching.feature.simfunctions import *
from py_entitymatching.feature.tokenizers import *
def Email_Address_Email_Address_lev_sim(ltuple, rtuple):
    return lev_sim(ltuple[""Email Address""], rtuple[""Email Address""])",True
Email_Address_Email_Address_jar,Email Address,Email Address,,,jaro,<function Email_Address_Email_Address_jar at 0x7fa0d9ffdae8>,"from py_entitymatching.feature.simfunctions import *
from py_entitymatching.feature.tokenizers import *
def Email_Address_Email_Address_jar(ltuple, rtuple):
    return jaro(ltuple[""Email Address""], rtuple[""Email Address""])",True
Email_Address_Email_Address_jwn,Email Address,Email Address,,,jaro_winkler,<function Email_Address_Email_Address_jwn at 0x7fa0d9ffdb70>,"from py_entitymatching.feature.simfunctions import *
from py_entitymatching.feature.tokenizers import *
def Email_Address_Email_Address_jwn(ltuple, rtuple):
    return jaro_winkler(ltuple[""Email Address""], rtuple[""Email Address""])",True
Email_Address_Email_Address_exm,Email Address,Email Address,,,exact_match,<function Email_Address_Email_Address_exm at 0x7fa0d9ffdbf8>,"from py_entitymatching.feature.simfunctions import *
from py_entitymatching.feature.tokenizers import *
def Email_Address_Email_Address_exm(ltuple, rtuple):
    return exact_match(ltuple[""Email Address""], rtuple[""Email Address""])",True
Email_Address_Email_Address_jac_qgm_3_qgm_3,Email Address,Email Address,qgm_3,qgm_3,jaccard,<function Email_Address_Email_Address_jac_qgm_3_qgm_3 at 0x7fa0d9ffdc80>,"from py_entitymatching.feature.simfunctions import *
from py_entitymatching.feature.tokenizers import *
def Email_Address_Email_Address_jac_qgm_3_qgm_3(ltuple, rtuple):
    return jaccard(qgm_3(ltuple[""Email Address""]), qgm_3(rtuple[""Email Address""])) ",True
Ounce_of_Prevention_Description_Ounce_of_Prevention_Description_jac_qgm_3_qgm_3,Ounce of Prevention Description,Ounce of Prevention Description,qgm_3,qgm_3,jaccard,<function Ounce_of_Prevention_Description_Ounce_of_Prevention_Description_jac_qgm_3_qgm_3 at 0x7fa0d9ffdd08>,"from py_entitymatching.feature.simfunctions import *
from py_entitymatching.feature.tokenizers import *
def Ounce_of_Prevention_Description_Ounce_of_Prevention_Description_jac_qgm_3_qgm_3(ltuple, rtuple):
    return jaccard(qgm_3(ltuple[""Ounce of Prevention Description""]), qgm_3(rtuple[""Ounce of Prevention Description""])) ",True
Ounce_of_Prevention_Description_Ounce_of_Prevention_Description_cos_dlm_dc0_dlm_dc0,Ounce of Prevention Description,Ounce of Prevention Description,dlm_dc0,dlm_dc0,cosine,<function Ounce_of_Prevention_Description_Ounce_of_Prevention_Description_cos_dlm_dc0_dlm_dc0 at 0x7fa0d9ffdf28>,"from py_entitymatching.feature.simfunctions import *
from py_entitymatching.feature.tokenizers import *
def Ounce_of_Prevention_Description_Ounce_of_Prevention_Description_cos_dlm_dc0_dlm_dc0(ltuple, rtuple):
    return cosine(dlm_dc0(ltuple[""Ounce of Prevention Description""]), dlm_dc0(rtuple[""Ounce of Prevention Description""])) ",True
Ounce_of_Prevention_Description_Ounce_of_Prevention_Description_jac_dlm_dc0_dlm_dc0,Ounce of Prevention Description,Ounce of Prevention Description,dlm_dc0,dlm_dc0,jaccard,<function Ounce_of_Prevention_Description_Ounce_of_Prevention_Description_jac_dlm_dc0_dlm_dc0 at 0x7fa0da0060d0>,"from py_entitymatching.feature.simfunctions import *
from py_entitymatching.feature.tokenizers import *
def Ounce_of_Prevention_Description_Ounce_of_Prevention_Description_jac_dlm_dc0_dlm_dc0(ltuple, rtuple):
    return jaccard(dlm_dc0(ltuple[""Ounce of Prevention Description""]), dlm_dc0(rtuple[""Ounce of Prevention Description""])) ",True
Ounce_of_Prevention_Description_Ounce_of_Prevention_Description_mel,Ounce of Prevention Description,Ounce of Prevention Description,,,monge_elkan,<function Ounce_of_Prevention_Description_Ounce_of_Prevention_Description_mel at 0x7fa0da006158>,"from py_entitymatching.feature.simfunctions import *
from py_entitymatching.feature.tokenizers import *
def Ounce_of_Prevention_Description_Ounce_of_Prevention_Description_mel(ltuple, rtuple):
    return monge_elkan(ltuple[""Ounce of Prevention Description""], rtuple[""Ounce of Prevention Description""])",True
Ounce_of_Prevention_Description_Ounce_of_Prevention_Description_lev_dist,Ounce of Prevention Description,Ounce of Prevention Description,,,lev_dist,<function Ounce_of_Prevention_Description_Ounce_of_Prevention_Description_lev_dist at 0x7fa0da0061e0>,"from py_entitymatching.feature.simfunctions import *
from py_entitymatching.feature.tokenizers import *
def Ounce_of_Prevention_Description_Ounce_of_Prevention_Description_lev_dist(ltuple, rtuple):
    return lev_dist(ltuple[""Ounce of Prevention Description""], rtuple[""Ounce of Prevention Description""])",True
Ounce_of_Prevention_Description_Ounce_of_Prevention_Description_lev_sim,Ounce of Prevention Description,Ounce of Prevention Description,,,lev_sim,<function Ounce_of_Prevention_Description_Ounce_of_Prevention_Description_lev_sim at 0x7fa0da006268>,"from py_entitymatching.feature.simfunctions import *
from py_entitymatching.feature.tokenizers import *
def Ounce_of_Prevention_Description_Ounce_of_Prevention_Description_lev_sim(ltuple, rtuple):
    return lev_sim(ltuple[""Ounce of Prevention Description""], rtuple[""Ounce of Prevention Description""])",True
Ounce_of_Prevention_Description_Ounce_of_Prevention_Description_nmw,Ounce of Prevention Description,Ounce of Prevention Description,,,needleman_wunsch,<function Ounce_of_Prevention_Description_Ounce_of_Prevention_Description_nmw at 0x7fa0da0062f0>,"from py_entitymatching.feature.simfunctions import *
from py_entitymatching.feature.tokenizers import *
def Ounce_of_Prevention_Description_Ounce_of_Prevention_Description_nmw(ltuple, rtuple):
    return needleman_wunsch(ltuple[""Ounce of Prevention Description""], rtuple[""Ounce of Prevention Description""])",True
Ounce_of_Prevention_Description_Ounce_of_Prevention_Description_sw,Ounce of Prevention Description,Ounce of Prevention Description,,,smith_waterman,<function Ounce_of_Prevention_Description_Ounce_of_Prevention_Description_sw at 0x7fa0da006378>,"from py_entitymatching.feature.simfunctions import *
from py_entitymatching.feature.tokenizers import *
def Ounce_of_Prevention_Description_Ounce_of_Prevention_Description_sw(ltuple, rtuple):
    return smith_waterman(ltuple[""Ounce of Prevention Description""], rtuple[""Ounce of Prevention Description""])",True
Purple_binder_service_type_Purple_binder_service_type_jac_qgm_3_qgm_3,Purple binder service type,Purple binder service type,qgm_3,qgm_3,jaccard,<function Purple_binder_service_type_Purple_binder_service_type_jac_qgm_3_qgm_3 at 0x7fa0da006400>,"from py_entitymatching.feature.simfunctions import *
from py_entitymatching.feature.tokenizers import *
def Purple_binder_service_type_Purple_binder_service_type_jac_qgm_3_qgm_3(ltuple, rtuple):
    return jaccard(qgm_3(ltuple[""Purple binder service type""]), qgm_3(rtuple[""Purple binder service type""])) ",True
Purple_binder_service_type_Purple_binder_service_type_cos_dlm_dc0_dlm_dc0,Purple binder service type,Purple binder service type,dlm_dc0,dlm_dc0,cosine,<function Purple_binder_service_type_Purple_binder_service_type_cos_dlm_dc0_dlm_dc0 at 0x7fa0da006488>,"from py_entitymatching.feature.simfunctions import *
from py_entitymatching.feature.tokenizers import *
def Purple_binder_service_type_Purple_binder_service_type_cos_dlm_dc0_dlm_dc0(ltuple, rtuple):
    return cosine(dlm_dc0(ltuple[""Purple binder service type""]), dlm_dc0(rtuple[""Purple binder service type""])) ",True
Purple_binder_service_type_Purple_binder_service_type_jac_dlm_dc0_dlm_dc0,Purple binder service type,Purple binder service type,dlm_dc0,dlm_dc0,jaccard,<function Purple_binder_service_type_Purple_binder_service_type_jac_dlm_dc0_dlm_dc0 at 0x7fa0da006510>,"from py_entitymatching.feature.simfunctions import *
from py_entitymatching.feature.tokenizers import *
def Purple_binder_service_type_Purple_binder_service_type_jac_dlm_dc0_dlm_dc0(ltuple, rtuple):
    return jaccard(dlm_dc0(ltuple[""Purple binder service type""]), dlm_dc0(rtuple[""Purple binder service type""])) ",True
Purple_binder_service_type_Purple_binder_service_type_mel,Purple binder service type,Purple binder service type,,,monge_elkan,<function Purple_binder_service_type_Purple_binder_service_type_mel at 0x7fa0da006598>,"from py_entitymatching.feature.simfunctions import *
from py_entitymatching.feature.tokenizers import *
def Purple_binder_service_type_Purple_binder_service_type_mel(ltuple, rtuple):
    return monge_elkan(ltuple[""Purple binder service type""], rtuple[""Purple binder service type""])",True
Purple_binder_service_type_Purple_binder_service_type_lev_dist,Purple binder service type,Purple binder service type,,,lev_dist,<function Purple_binder_service_type_Purple_binder_service_type_lev_dist at 0x7fa0da006620>,"from py_entitymatching.feature.simfunctions import *
from py_entitymatching.feature.tokenizers import *
def Purple_binder_service_type_Purple_binder_service_type_lev_dist(ltuple, rtuple):
    return lev_dist(ltuple[""Purple binder service type""], rtuple[""Purple binder service type""])",True
Purple_binder_service_type_Purple_binder_service_type_lev_sim,Purple binder service type,Purple binder service type,,,lev_sim,<function Purple_binder_service_type_Purple_binder_service_type_lev_sim at 0x7fa0da0066a8>,"from py_entitymatching.feature.simfunctions import *
from py_entitymatching.feature.tokenizers import *
def Purple_binder_service_type_Purple_binder_service_type_lev_sim(ltuple, rtuple):
    return lev_sim(ltuple[""Purple binder service type""], rtuple[""Purple binder service type""])",True
Purple_binder_service_type_Purple_binder_service_type_nmw,Purple binder service type,Purple binder service type,,,needleman_wunsch,<function Purple_binder_service_type_Purple_binder_service_type_nmw at 0x7fa0da006730>,"from py_entitymatching.feature.simfunctions import *
from py_entitymatching.feature.tokenizers import *
def Purple_binder_service_type_Purple_binder_service_type_nmw(ltuple, rtuple):
    return needleman_wunsch(ltuple[""Purple binder service type""], rtuple[""Purple binder service type""])",True
Purple_binder_service_type_Purple_binder_service_type_sw,Purple binder service type,Purple binder service type,,,smith_waterman,<function Purple_binder_service_type_Purple_binder_service_type_sw at 0x7fa0da0067b8>,"from py_entitymatching.feature.simfunctions import *
from py_entitymatching.feature.tokenizers import *
def Purple_binder_service_type_Purple_binder_service_type_sw(ltuple, rtuple):
    return smith_waterman(ltuple[""Purple binder service type""], rtuple[""Purple binder service type""])",True
Column2_Column2_jac_qgm_3_qgm_3,Column2,Column2,qgm_3,qgm_3,jaccard,<function Column2_Column2_jac_qgm_3_qgm_3 at 0x7fa0da006840>,"from py_entitymatching.feature.simfunctions import *
from py_entitymatching.feature.tokenizers import *
def Column2_Column2_jac_qgm_3_qgm_3(ltuple, rtuple):
    return jaccard(qgm_3(ltuple[""Column2""]), qgm_3(rtuple[""Column2""])) ",True
Column2_Column2_cos_dlm_dc0_dlm_dc0,Column2,Column2,dlm_dc0,dlm_dc0,cosine,<function Column2_Column2_cos_dlm_dc0_dlm_dc0 at 0x7fa0da0068c8>,"from py_entitymatching.feature.simfunctions import *
from py_entitymatching.feature.tokenizers import *
def Column2_Column2_cos_dlm_dc0_dlm_dc0(ltuple, rtuple):
    return cosine(dlm_dc0(ltuple[""Column2""]), dlm_dc0(rtuple[""Column2""])) ",True
Column2_Column2_jac_dlm_dc0_dlm_dc0,Column2,Column2,dlm_dc0,dlm_dc0,jaccard,<function Column2_Column2_jac_dlm_dc0_dlm_dc0 at 0x7fa0da006950>,"from py_entitymatching.feature.simfunctions import *
from py_entitymatching.feature.tokenizers import *
def Column2_Column2_jac_dlm_dc0_dlm_dc0(ltuple, rtuple):
    return jaccard(dlm_dc0(ltuple[""Column2""]), dlm_dc0(rtuple[""Column2""])) ",True
Column2_Column2_mel,Column2,Column2,,,monge_elkan,<function Column2_Column2_mel at 0x7fa0da0069d8>,"from py_entitymatching.feature.simfunctions import *
from py_entitymatching.feature.tokenizers import *
def Column2_Column2_mel(ltuple, rtuple):
    return monge_elkan(ltuple[""Column2""], rtuple[""Column2""])",True
Column2_Column2_lev_dist,Column2,Column2,,,lev_dist,<function Column2_Column2_lev_dist at 0x7fa0da006a60>,"from py_entitymatching.feature.simfunctions import *
from py_entitymatching.feature.tokenizers import *
def Column2_Column2_lev_dist(ltuple, rtuple):
    return lev_dist(ltuple[""Column2""], rtuple[""Column2""])",True
Column2_Column2_lev_sim,Column2,Column2,,,lev_sim,<function Column2_Column2_lev_sim at 0x7fa0da006ae8>,"from py_entitymatching.feature.simfunctions import *
from py_entitymatching.feature.tokenizers import *
def Column2_Column2_lev_sim(ltuple, rtuple):
    return lev_sim(ltuple[""Column2""], rtuple[""Column2""])",True
Column2_Column2_nmw,Column2,Column2,,,needleman_wunsch,<function Column2_Column2_nmw at 0x7fa0da006b70>,"from py_entitymatching.feature.simfunctions import *
from py_entitymatching.feature.tokenizers import *
def Column2_Column2_nmw(ltuple, rtuple):
    return needleman_wunsch(ltuple[""Column2""], rtuple[""Column2""])",True
Column2_Column2_sw,Column2,Column2,,,smith_waterman,<function Column2_Column2_sw at 0x7fa0da006bf8>,"from py_entitymatching.feature.simfunctions import *
from py_entitymatching.feature.tokenizers import *
def Column2_Column2_sw(ltuple, rtuple):
    return smith_waterman(ltuple[""Column2""], rtuple[""Column2""])",True
